A,B,column1
Parallelogram,Rotational_symmetry,0
Angle,Isosceles_triangle,0
Angle,Pythagorean_theorem,0
Edge_(geometry),Acute_and_obtuse_triangles,0
Cartesian_coordinate_system,Line_(geometry),1
Polygon,Line_segment,1
Angle,Two-dimensional_space,0
Point_(geometry),Two-dimensional_space,0
Grade_(slope),Geometry,1
Quadrilateral,Parallel_(geometry),0
Perpendicular,Cone,0
Line_segment,Bisection,0
Angle,Collinearity,0
Midpoint,Arc_(geometry),0
Edge_(geometry),Isosceles_triangle,0
Edge_(geometry),Internal_and_external_angle,0
Rectangle,Right_triangle,0
Vertex_(geometry),Pythagorean_theorem,0
Rotational_symmetry,Prism_(geometry),0
Concentric,Geometry,1
Circle,Cross_section_(geometry),0
Parallelogram,Circumference,0
Pythagorean_theorem,Pythagorean_triple,0
Similarity_(geometry),Sphere,0
Special_right_triangles,Right_angle,1
Quadrilateral,Internal_and_external_angle,0
Pythagorean_triple,Pythagorean_theorem,1
Circle,Geometry,1
Point_(geometry),Quadrilateral,0
Pythagorean_triple,Right_triangle,1
Radius,Sine,0
Line_segment,Pythagorean_triple,0
Line_(geometry),Diameter,0
Quadrilateral,Collinearity,0
Two-dimensional_space,Nonagon,0
Circle,Vertex_(geometry),0
Two-dimensional_space,Plane_(geometry),1
Dodecagon,Angle,1
Vertex_(geometry),Heptagon,0
Chord_(geometry),Angle,0
Symmetry,Parallelogram,0
Cylinder_(geometry),Perpendicular,0
Coordinate_system,Geometry,1
Circle,Bisection,0
Polygon,Octagon,0
Perpendicular,Coordinate_system,0
Midpoint,Altitude_(triangle),0
Point_(geometry),Star_polygon,0
Line_(geometry),Pyramid_(geometry),0
Edge_(geometry),Right_triangle,0
Bisection,Triangle,0
Parallelogram,Angle,1
Point_(geometry),Hexagon,0
Dodecagon,Polyhedron,0
Kite_(geometry),Angle,1
Circumference,Arc_(geometry),0
Line_(geometry),Convex_polygon,0
Convex_polygon,Geometry,1
Parallel_(geometry),Perpendicular,0
Line_segment,Vertex_(geometry),0
Scale_factor,Scaling_(geometry),0
Line_segment,Dodecagon,0
Rhombus,Perpendicular,0
Pentagon,Edge_(geometry),1
Perpendicular,Angle,1
Parallel_(geometry),Angle,0
Perpendicular,Two-dimensional_space,0
Rectangle,Point_(geometry),1
Diameter,Radius,1
Midpoint,Plane_(geometry),0
Rhombus,Edge_(geometry),1
Vertex_(geometry),Nonagon,0
Tangent,Sine,0
Right_triangle,Polygon,1
Point_(geometry),Secant_line,0
Reflection_symmetry,Line_(geometry),1
Line_segment,Pentagon,0
Parallel_(geometry),Skew_lines,0
Acute_and_obtuse_triangles,Vertex_(geometry),1
Quadrilateral,Triangle_inequality,0
Line_(geometry),Plane_(geometry),0
Chord_(geometry),Pythagorean_theorem,0
Rotational_symmetry,Trapezoid,0
Rhombus,Parallelogram,1
Acute_and_obtuse_triangles,Triangle,1
Trigonometric_functions,Line_(geometry),1
Parallelogram,Convex_polygon,0
Arc_length,Distance,1
Circle,Diameter,0
Rhombus,Vertex_(geometry),1
Edge_(geometry),Trigonometric_functions,0
Geometry,Star_polygon,0
Acute_and_obtuse_triangles,Polygon,1
Right_angle,Geometry,1
Sine,Trigonometric_functions,1
Edge_(geometry),Hendecagon,0
Polygon,Right_triangle,0
Circle,Sine,0
Altitude_(triangle),Geometry,1
Line_(geometry),Kite_(geometry),0
Inverse_trigonometric_functions,Line_segment,1
Equilateral_triangle,Angle,1
Midpoint,Point_(geometry),1
Chord_(geometry),Sine,0
Line_(geometry),Reflection_symmetry,0
Right_triangle,Altitude_(triangle),0
Heptagon,Radius,0
Collinearity,Cone,0
Trapezoid,Geometry,1
Line_segment,Collinearity,0
Circle,Two-dimensional_space,0
Polyhedron,Geometry,1
Polyhedron,Point_(geometry),1
Angle,Reflection_(mathematics),0
Cross_section_(geometry),Geometry,1
Triangle,Arc_length,0
Polygon,Quadrilateral,0
Translation_(geometry),Distance,0
Line_(geometry),Prism_(geometry),0
Equilateral_triangle,Geometry,1
Polygon,Rectangle,0
Octagon,Line_segment,1
Geometry,Cylinder_(geometry),0
Perpendicular,Trapezoid,0
Symmetry,Translation_(geometry),0
Point_(geometry),Angle_bisector_theorem,0
Triangle_inequality,Arc_length,0
Vertex_(geometry),Polygon,0
Diameter,Line_segment,1
Vertex_(geometry),Altitude_(triangle),0
Line_(geometry),Secant_line,0
Circumference,Polygon,0
Polyhedron,Line_(geometry),1
Cylinder_(geometry),Tangent,0
Geometry,Decagon,0
Polygon,Hendecagon,0
Angle,Distance,0
Bisection,Congruence_(geometry),0
Geometry,Square,0
Decagon,Edge_(geometry),1
Altitude_(triangle),Line_(geometry),1
Rotation_(mathematics),Distance,0
Vertex_(geometry),Star_polygon,0
Line_(geometry),Angle,0
Self-similarity,Similarity_(geometry),1
Rhombus,Square,0
Altitude_(triangle),Point_(geometry),1
Edge_(geometry),Line_(geometry),1
Reflection_symmetry,Reflection_(mathematics),1
Pythagorean_theorem,Arc_length,0
Geometry,Prism_(geometry),0
Trigonometric_functions,Chord_(geometry),0
Acute_and_obtuse_triangles,Right_triangle,0
Cylinder_(geometry),Radius,0
Inverse_trigonometric_functions,Tangent,0
Geometry,Symmetry,0
Angle_bisector_theorem,Point_(geometry),1
Rotation_(mathematics),Rigid_transformation,0
Star_polygon,Vertex_(geometry),1
Convex_polygon,Point_(geometry),1
Point_(geometry),Radius,0
Cylinder_(geometry),Polyhedron,0
Pythagorean_triple,Line_(geometry),1
Parallel_(geometry),Tangent,0
Line_segment,Arc_(geometry),0
Reflection_symmetry,Geometry,1
Polygon,Rhombus,0
Point_(geometry),Isosceles_triangle,0
Triangle,Altitude_(triangle),0
Line_(geometry),Trapezoid,0
Rhombus,Sine,0
Line_(geometry),Pythagorean_triple,0
Cartesian_coordinate_system,Two-dimensional_space,1
Special_right_triangles,Line_segment,1
Vertex_(geometry),Pyramid_(geometry),0
Geometry,Midpoint,0
Special_right_triangles,Circle,0
Pentagon,Point_(geometry),1
Right_triangle,Isosceles_triangle,0
Pythagorean_triple,Polygon,1
Angle_bisector_theorem,Geometry,1
Circle,Slope,0
Geometry,Similarity_(geometry),0
Point_(geometry),Midpoint,0
Line_(geometry),Decagon,0
Point_(geometry),Arc_length,0
Angle,Perpendicular,0
Nonagon,Line_segment,1
Reflection_(mathematics),Circle,0
Perpendicular,Vertex_(geometry),0
Vertex_(geometry),Rectangle,0
Square,Trapezoid,0
Rhombus,Kite_(geometry),0
Rotational_symmetry,Line_(geometry),1
Inverse_trigonometric_functions,Geometry,1
Perpendicular,Internal_and_external_angle,0
Quadrilateral,Reflection_symmetry,0
Similarity_(geometry),Polygon,0
Vertex_(geometry),Prism_(geometry),0
Point_(geometry),Geometry,1
Rhombus,Triangle,0
Circle,Internal_and_external_angle,0
Isosceles_triangle,Geometry,1
Pythagorean_triple,Angle,1
Polyhedron,Diagonal,0
Reflection_symmetry,Point_(geometry),1
Parallelogram,Rectangle,0
Face_(geometry),Plane_(geometry),0
Parallelogram,Line_segment,1
Collinearity,Midpoint,0
Right_triangle,Diameter,0
Circumference,Distance,0
Arc_(geometry),Diameter,0
Rhombus,Geometry,1
Cartesian_coordinate_system,Angle,1
Parallel_(geometry),Circle,0
Perpendicular,Chord_(geometry),0
Point_(geometry),Transversal_(geometry),0
Tangent,Isosceles_triangle,0
Angle,Transversal_(geometry),0
Equilateral_triangle,Line_(geometry),1
Trapezoid,Line_(geometry),1
Line_(geometry),Rectangle,0
Bisection,Line_segment,1
Geometry,Pentagon,0
Right_angle,Rectangle,0
Rectangle,Translation_(geometry),0
Similarity_(geometry),Circle,0
Congruence_(geometry),Vertex_(geometry),1
Right_angle,Triangle,0
Point_(geometry),Decagon,0
Line_(geometry),Angle_bisector_theorem,0
Exterior_angle_theorem,Midpoint,0
Square,Symmetry,0
Perpendicular,Angle_bisector_theorem,0
Symmetry,Geometry,1
Angle,Right_angle,0
Prism_(geometry),Distance,0
Midpoint,Angle,0
Line_(geometry),Midpoint,0
Heptagon,Polygon,1
Square,Octagon,0
Radius,Sphere,0
Diameter,Line_(geometry),1
Line_segment,Rhombus,0
Point_(geometry),Tangent,0
Point_(geometry),Diameter,0
Rectangle,Polygon,1
Bisection,Diagonal,0
Polygon,Angle,1
Prism_(geometry),Line_(geometry),1
Symmetry,Rotational_symmetry,0
Collinearity,Tangent,0
Diagonal,Edge_(geometry),1
Line_(geometry),Tangent,0
Triangle,Point_(geometry),1
Triangle_inequality,Line_(geometry),1
Angle,Trigonometric_functions,0
Circle,Decagon,0
Vertex_(geometry),Triangle_inequality,0
Polygon,Nonagon,0
Geometry,Tangent,0
Acute_and_obtuse_triangles,Edge_(geometry),1
Triangle,Equilateral_triangle,0
Angle,Square,0
Triangle,Triangle_inequality,0
Vertex_(geometry),Parallelogram,0
Line_segment,Congruence_(geometry),0
Triangle,Pythagorean_theorem,0
Edge_(geometry),Pythagorean_triple,0
Line_segment,Inverse_trigonometric_functions,0
Collinearity,Altitude_(triangle),0
Line_segment,Quadrilateral,0
Pentagon,Diagonal,0
Bisection,Parallelogram,0
Two-dimensional_space,Coordinate_system,0
Trigonometric_functions,Tangent,0
Dodecagon,Geometry,1
Hendecagon,Line_(geometry),1
Geometry,Radius,0
Rotation_(mathematics),Space_(mathematics),0
Rotation_(mathematics),Rotational_symmetry,0
Angle,Acute_and_obtuse_triangles,0
Diameter,Distance,0
Transversal_(geometry),Congruence_(geometry),0
Pythagorean_theorem,Isosceles_triangle,0
Decagon,Line_segment,1
Line_segment,Right_triangle,0
Edge_(geometry),Point_(geometry),1
Dodecagon,Hexagon,0
Point_(geometry),Rotational_symmetry,0
Sine,Cartesian_coordinate_system,0
Pythagorean_theorem,Point_(geometry),1
Edge_(geometry),Star_polygon,0
Radius,Line_(geometry),1
Convex_polygon,Angle,1
Sphere,Polyhedron,0
Trigonometric_functions,Right_triangle,0
Polygon,Hexagon,0
Square,Circle,0
Tangent,Triangle,1
Geometry,Hendecagon,0
Heptagon,Edge_(geometry),1
Rectangle,Vertex_(geometry),1
Reflection_symmetry,Perpendicular,0
Reflection_symmetry,Rotational_symmetry,0
Point_(geometry),Vertex_(geometry),0
Prism_(geometry),Parallelogram,0
Rotation_(mathematics),Point_(geometry),1
Rigid_transformation,Line_(geometry),1
Collinearity,Distance,0
Rhombus,Line_segment,1
Polygon,Pentagon,0
Kite_(geometry),Quadrilateral,1
Vertex_(geometry),Point_(geometry),1
Parallelogram,Tessellation,0
Geometry,Bisection,0
Right_triangle,Tangent,0
Angle,Circumference,0
Sine,Line_segment,1
Tangent,Edge_(geometry),1
Edge_(geometry),Convex_polygon,0
Pythagorean_theorem,Rigid_transformation,0
Pyramid_(geometry),Line_(geometry),1
Two-dimensional_space,Point_(geometry),1
Polygon,Exterior_angle_theorem,0
Arc_length,Circle,1
Point_(geometry),Nonagon,0
Acute_and_obtuse_triangles,Point_(geometry),1
Two-dimensional_space,Star_polygon,0
Line_(geometry),Square,0
Secant_line,Chord_(geometry),0
Acute_and_obtuse_triangles,Pyramid_(geometry),0
Midpoint,Angle_bisector_theorem,0
Line_(geometry),Radius,0
Acute_and_obtuse_triangles,Tangent,0
Prism_(geometry),Line_segment,1
Line_segment,Octagon,0
Vertex_(geometry),Internal_and_external_angle,0
Point_(geometry),Hendecagon,0
Geometry,Inverse_trigonometric_functions,0
Point_(geometry),Angle,0
Line_segment,Cylinder_(geometry),0
Line_segment,Similarity_(geometry),0
Geometry,Special_right_triangles,0
Hexagon,Angle,1
Polyhedron,Vertex_(geometry),1
Triangle_inequality,Parallelogram,0
Plane_(geometry),Skew_lines,0
Plane_(geometry),Coordinate_system,0
Radius,Geometry,1
Equilateral_triangle,Square,0
Parallel_(geometry),Point_(geometry),1
Similarity_(geometry),Square,0
Angle,Hendecagon,0
Tessellation,Vertex_(geometry),0
Angle_bisector_theorem,Sine,0
Prism_(geometry),Parallel_(geometry),1
Tessellation,Kite_(geometry),0
Point_(geometry),Rectangle,0
Angle_bisector_theorem,Edge_(geometry),1
Pythagorean_theorem,Altitude_(triangle),0
Bisection,Line_(geometry),1
Diagonal,Point_(geometry),1
Concentric,Sphere,0
Altitude_(triangle),Bisection,0
Square,Coordinate_system,0
Parallelogram,Pythagorean_theorem,0
Parallel_(geometry),Distance,0
Edge_(geometry),Inverse_trigonometric_functions,0
Cylinder_(geometry),Concentric,0
Rotational_symmetry,Cone,0
Geometry,Parallelogram,0
Decagon,Polygon,1
Pythagorean_triple,Geometry,1
Pythagorean_triple,Right_angle,1
Special_right_triangles,Pythagorean_theorem,0
Congruence_(geometry),Geometry,1
Collinearity,Chord_(geometry),0
Distance,Arc_length,0
Similarity_(geometry),Midpoint,0
Circle,Cone,0
Convex_polygon,Pyramid_(geometry),0
Geometry,Perpendicular,0
Angle_bisector_theorem,Triangle,1
Polygon,Pyramid_(geometry),0
Point_(geometry),Reflection_symmetry,0
Pythagorean_triple,Vertex_(geometry),1
Triangle_inequality,Geometry,1
Isosceles_triangle,Line_segment,1
Right_triangle,Circle,0
Cartesian_coordinate_system,Distance,1
Angle,Circle,0
Similarity_(geometry),Reflection_(mathematics),0
Triangle,Sphere,0
Convex_polygon,Kite_(geometry),0
Diameter,Geometry,1
Midpoint,Line_segment,1
Edge_(geometry),Special_right_triangles,0
Tangent,Pyramid_(geometry),0
Two-dimensional_space,Sphere,0
Rectangle,Square,0
Face_(geometry),Symmetry,0
Secant_line,Line_(geometry),1
Polyhedron,Polygon,1
Vertex_(geometry),Inverse_trigonometric_functions,0
Perpendicular,Cartesian_coordinate_system,0
Circle,Diagonal,0
Dodecagon,Point_(geometry),1
Triangle_inequality,Pythagorean_triple,0
Grade_(slope),Angle,1
Pyramid_(geometry),Angle,1
Sine,Edge_(geometry),1
Edge_(geometry),Sine,0
Line_(geometry),Hexagon,0
Point_(geometry),Coordinate_system,0
Isosceles_triangle,Vertex_(geometry),1
Edge_(geometry),Diagonal,0
Perpendicular,Line_(geometry),1
Point_(geometry),Convex_polygon,0
Angle_bisector_theorem,Perpendicular,1
Triangle_inequality,Right_triangle,0
Similarity_(geometry),Pythagorean_triple,0
Pentagon,Vertex_(geometry),1
Congruence_(geometry),Sphere,0
Altitude_(triangle),Tangent,0
Tangent,Polygon,1
Collinearity,Point_(geometry),1
Cylinder_(geometry),Coordinate_system,0
Diameter,Kite_(geometry),0
Congruence_(geometry),Line_segment,1
Geometry,Rectangle,0
Rectangle,Sphere,0
Diameter,Point_(geometry),1
Point_(geometry),Polyhedron,0
Square,Edge_(geometry),1
Circle,Secant_line,0
Diameter,Decagon,0
Prism_(geometry),Polygon,1
Right_angle,Trapezoid,0
Line_segment,Internal_and_external_angle,0
Line_(geometry),Special_right_triangles,0
Rhombus,Line_(geometry),1
Inverse_trigonometric_functions,Angle,1
Edge_(geometry),Square,0
Congruence_(geometry),Diameter,0
Pyramid_(geometry),Scaling_(geometry),0
Parallel_(geometry),Line_(geometry),1
Special_right_triangles,Triangle,1
Right_triangle,Pythagorean_triple,0
Special_right_triangles,Pythagorean_triple,0
Tangent,Kite_(geometry),0
Decagon,Angle,1
Line_(geometry),Quadrilateral,0
Radius,Line_segment,1
Edge_(geometry),Decagon,0
Angle_bisector_theorem,Line_segment,1
Line_segment,Parallel_(geometry),0
Exterior_angle_theorem,Angle,1
Perpendicular,Quadrilateral,0
Cone,Cartesian_coordinate_system,0
Arc_length,Slope,0
Circle,Convex_polygon,0
Point_(geometry),Equilateral_triangle,0
Distance,Cartesian_coordinate_system,0
Right_angle,Angle,1
Circle,Radius,0
Heptagon,Geometry,1
Angle_bisector_theorem,Midpoint,1
Congruence_(geometry),Isosceles_triangle,0
Arc_(geometry),Chord_(geometry),0
Geometry,Sine,0
Square,Reflection_symmetry,0
Geometry,Line_(geometry),0
Triangle,Geometry,1
Inverse_trigonometric_functions,Pythagorean_theorem,0
Hendecagon,Line_segment,1
Circle,Polygon,0
Star_polygon,Line_segment,1
Cartesian_coordinate_system,Perpendicular,1
Edge_(geometry),Face_(geometry),0
Pentagon,Polygon,1
Hendecagon,Vertex_(geometry),1
Geometry,Tessellation,0
Internal_and_external_angle,Line_segment,1
Coordinate_system,Plane_(geometry),1
Polyhedron,Angle,1
Vertex_(geometry),Diagonal,0
Special_right_triangles,Vertex_(geometry),1
Transversal_(geometry),Internal_and_external_angle,0
Midpoint,Trapezoid,0
Slope,Line_(geometry),1
Two-dimensional_space,Decagon,0
Midpoint,Isosceles_triangle,0
Polyhedron,Prism_(geometry),0
Geometry,Point_(geometry),0
Cone,Geometry,1
Square,Pythagorean_theorem,0
Plane_(geometry),Tessellation,0
Triangle,Tessellation,0
Similarity_(geometry),Self-similarity,0
Line_segment,Cross_section_(geometry),0
Geometry,Rigid_transformation,0
Polyhedron,Coordinate_system,0
Star_polygon,Angle,1
Parallelogram,Parallel_(geometry),1
Pentagon,Rotational_symmetry,0
Point_(geometry),Chord_(geometry),0
Polygon,Kite_(geometry),0
Right_triangle,Triangle,1
Trigonometric_functions,Inverse_trigonometric_functions,0
Vertex_(geometry),Hexagon,0
Angle,Space_(mathematics),0
Line_(geometry),Rhombus,0
Point_(geometry),Sine,0
Geometry,Two-dimensional_space,0
Reflection_symmetry,Trapezoid,0
Diagonal,Angle,1
Right_triangle,Geometry,1
Line_(geometry),Distance,0
Quadrilateral,Square,0
Edge_(geometry),Vertex_(geometry),1
Translation_(geometry),Rigid_transformation,0
Polygon,Space_(mathematics),0
Polyhedron,Reflection_symmetry,0
Symmetry,Rhombus,0
Point_(geometry),Congruence_(geometry),0
Angle,Sine,0
Vertex_(geometry),Isosceles_triangle,0
Line_segment,Kite_(geometry),0
Vertex_(geometry),Equilateral_triangle,0
Geometry,Arc_(geometry),0
Vertex_(geometry),Exterior_angle_theorem,0
Line_segment,Altitude_(triangle),0
Symmetry,Rigid_transformation,0
Nonagon,Angle,1
Rectangle,Line_(geometry),1
Radius,Cartesian_coordinate_system,0
Collinearity,Rectangle,0
Polyhedron,Cross_section_(geometry),0
Triangle,Trigonometric_functions,0
Perpendicular,Isosceles_triangle,0
Vertex_(geometry),Square,0
Edge_(geometry),Hexagon,0
Angle,Equilateral_triangle,0
Radius,Polygon,0
Triangle_inequality,Distance,0
Geometry,Quadrilateral,0
Triangle,Acute_and_obtuse_triangles,0
Diameter,Perpendicular,0
Bisection,Isosceles_triangle,0
Symmetry,Trapezoid,0
Geometry,Reflection_(mathematics),0
Isosceles_triangle,Equilateral_triangle,0
Square,Right_angle,1
Point_(geometry),Special_right_triangles,0
Pentagon,Angle,1
Parallel_(geometry),Square,0
Angle,Special_right_triangles,0
Pythagorean_theorem,Parallelogram,0
Rigid_transformation,Point_(geometry),1
Triangle,Hexagon,0
Triangle,Plane_(geometry),0
Line_(geometry),Collinearity,0
Reflection_symmetry,Symmetry,1
Line_(geometry),Skew_lines,0
Pyramid_(geometry),Sphere,0
Exterior_angle_theorem,Edge_(geometry),1
Geometry,Kite_(geometry),0
Point_(geometry),Rigid_transformation,0
Special_right_triangles,Isosceles_triangle,0
Decagon,Line_(geometry),1
Coordinate_system,Right_angle,0
Pythagorean_theorem,Perpendicular,0
Circle,Distance,0
Nonagon,Vertex_(geometry),1
Bisection,Tangent,0
Polyhedron,Rhombus,0
Tessellation,Hexagon,0
Rhombus,Cone,0
Acute_and_obtuse_triangles,Altitude_(triangle),0
Triangle,Convex_polygon,0
Edge_(geometry),Tangent,0
Sphere,Circle,1
Rhombus,Circle,0
Symmetry,Quadrilateral,0
Collinearity,Sphere,0
Heptagon,Point_(geometry),1
Line_segment,Prism_(geometry),0
Hexagon,Geometry,1
Pyramid_(geometry),Edge_(geometry),1
Cross_section_(geometry),Plane_(geometry),1
Quadrilateral,Tessellation,0
Vertex_(geometry),Geometry,1
Angle,Diagonal,0
Congruence_(geometry),Line_(geometry),1
Point_(geometry),Diagonal,0
Nonagon,Point_(geometry),1
Angle,Internal_and_external_angle,0
Rotation_(mathematics),Angle,1
Tangent,Distance,0
Point_(geometry),Acute_and_obtuse_triangles,0
Cartesian_coordinate_system,Point_(geometry),1
Polygon,Concentric,0
Point_(geometry),Octagon,0
Triangle_inequality,Line_segment,1
Angle,Tangent,0
Point_(geometry),Line_(geometry),0
Pentagon,Decagon,0
Geometry,Trapezoid,0
Bisection,Chord_(geometry),0
Decagon,Point_(geometry),1
Rotation_(mathematics),Symmetry,1
Acute_and_obtuse_triangles,Geometry,1
Pythagorean_theorem,Rectangle,0
Pythagorean_theorem,Line_segment,1
Exterior_angle_theorem,Geometry,1
Symmetry,Prism_(geometry),0
Exterior_angle_theorem,Point_(geometry),1
Rectangle,Quadrilateral,1
Geometry,Concentric,0
Coordinate_system,Distance,0
Angle,Quadrilateral,0
Altitude_(triangle),Equilateral_triangle,0
Vertex_(geometry),Decagon,0
Perpendicular,Tangent,0
Rectangle,Internal_and_external_angle,0
Square,Perpendicular,0
Geometry,Right_angle,0
Rectangle,Pyramid_(geometry),0
Polygon,Point_(geometry),1
Vertex_(geometry),Trigonometric_functions,0
Line_(geometry),Sphere,0
Midpoint,Coordinate_system,0
Line_segment,Convex_polygon,0
Radius,Distance,0
Triangle,Edge_(geometry),1
Angle,Rigid_transformation,0
Triangle,Similarity_(geometry),0
Line_segment,Pyramid_(geometry),0
Tangent,Point_(geometry),1
Point_(geometry),Circle,0
Vertex_(geometry),Special_right_triangles,0
Reflection_(mathematics),Symmetry,1
Reflection_symmetry,Kite_(geometry),0
Pyramid_(geometry),Triangle,0
Pyramid_(geometry),Geometry,1
Geometry,Self-similarity,0
Quadrilateral,Line_(geometry),1
Bisection,Perpendicular,1
Face_(geometry),Square,0
Tangent,Trigonometric_functions,1
Circle,Chord_(geometry),0
Kite_(geometry),Vertex_(geometry),1
Tessellation,Plane_(geometry),1
Line_segment,Polygon,0
Diameter,Bisection,0
Line_segment,Rectangle,0
Line_(geometry),Right_angle,0
Rotational_symmetry,Scale_factor,0
Equilateral_triangle,Polygon,1
Square,Parallel_(geometry),1
Right_angle,Right_triangle,0
Congruence_(geometry),Distance,0
Concentric,Equilateral_triangle,0
Congruence_(geometry),Reflection_(mathematics),0
Geometry,Equilateral_triangle,0
Circle,Acute_and_obtuse_triangles,0
Geometry,Dodecagon,0
Triangle,Pythagorean_triple,0
Trigonometric_functions,Circle,0
Rhombus,Congruence_(geometry),0
Square,Acute_and_obtuse_triangles,0
Congruence_(geometry),Tessellation,0
Inverse_trigonometric_functions,Triangle,1
Line_(geometry),Parallelogram,0
Acute_and_obtuse_triangles,Line_segment,1
Angle,Pythagorean_triple,0
Pythagorean_theorem,Trigonometric_functions,0
Trigonometric_functions,Line_segment,1
Rigid_transformation,Distance,0
Circle,Sphere,0
Line_segment,Polyhedron,0
Convex_polygon,Trapezoid,0
Special_right_triangles,Line_(geometry),1
Rhombus,Polygon,1
Rotation_(mathematics),Reflection_(mathematics),0
Cylinder_(geometry),Angle,0
Rectangle,Bisection,0
Rotation_(mathematics),Cartesian_coordinate_system,0
Point_(geometry),Bisection,0
Skew_lines,Line_(geometry),1
Edge_(geometry),Octagon,0
Line_(geometry),Diagonal,0
Sine,Line_(geometry),1
Point_(geometry),Sphere,0
Octagon,Edge_(geometry),1
Exterior_angle_theorem,Triangle,1
Grade_(slope),Point_(geometry),1
Similarity_(geometry),Isosceles_triangle,0
Hendecagon,Polygon,1
Tessellation,Polygon,0
Dodecagon,Line_(geometry),1
Cross_section_(geometry),Cylinder_(geometry),0
Pythagorean_theorem,Two-dimensional_space,0
Prism_(geometry),Congruence_(geometry),0
Rotational_symmetry,Perpendicular,0
Trigonometric_functions,Distance,0
Line_(geometry),Polyhedron,0
Diameter,Chord_(geometry),1
Line_segment,Exterior_angle_theorem,0
Geometry,Rhombus,0
Quadrilateral,Edge_(geometry),1
Point_(geometry),Pythagorean_triple,0
Rectangle,Edge_(geometry),1
Transversal_(geometry),Line_(geometry),1
Chord_(geometry),Diameter,0
Reflection_(mathematics),Point_(geometry),1
Geometry,Rotational_symmetry,0
Line_segment,Equilateral_triangle,0
Dodecagon,Line_segment,1
Collinearity,Triangle_inequality,0
Edge_(geometry),Heptagon,0
Inverse_trigonometric_functions,Point_(geometry),1
Triangle,Circle,0
Trigonometric_functions,Sine,0
Heptagon,Two-dimensional_space,0
Quadrilateral,Convex_polygon,0
Rhombus,Tangent,0
Trigonometric_functions,Similarity_(geometry),0
Line_(geometry),Right_triangle,0
Geometry,Pythagorean_theorem,0
Line_segment,Hexagon,0
Edge_(geometry),Rectangle,0
Internal_and_external_angle,Edge_(geometry),1
Polygon,Isosceles_triangle,0
Two-dimensional_space,Geometry,1
Radius,Diameter,0
Rotational_symmetry,Rhombus,0
Similarity_(geometry),Space_(mathematics),0
Line_(geometry),Equilateral_triangle,0
Circle,Trapezoid,0
Octagon,Point_(geometry),1
Geometry,Triangle_inequality,0
Grade_(slope),Distance,0
Octagon,Line_(geometry),1
Polygon,Square,0
Angle,Coordinate_system,0
Right_angle,Point_(geometry),1
Parallel_(geometry),Slope,0
Dodecagon,Polygon,1
Prism_(geometry),Polyhedron,1
Vertex_(geometry),Angle_bisector_theorem,0
Transversal_(geometry),Plane_(geometry),1
Internal_and_external_angle,Polygon,1
Line_segment,Triangle,0
Similarity_(geometry),Right_triangle,0
Plane_(geometry),Geometry,1
Line_(geometry),Circle,0
Perpendicular,Slope,0
Rhombus,Trapezoid,0
Line_(geometry),Trigonometric_functions,0
Tangent,Arc_length,0
Diagonal,Kite_(geometry),0
Quadrilateral,Rectangle,0
Triangle_inequality,Edge_(geometry),1
Parallelogram,Face_(geometry),0
Quadrilateral,Midpoint,0
Quadrilateral,Rhombus,0
Rectangle,Triangle,0
Geometry,Edge_(geometry),0
Similarity_(geometry),Rotation_(mathematics),0
Exterior_angle_theorem,Sphere,0
Rotational_symmetry,Equilateral_triangle,0
Edge_(geometry),Kite_(geometry),0
Triangle_inequality,Angle,1
Special_right_triangles,Right_triangle,1
Line_(geometry),Internal_and_external_angle,0
Star_polygon,Line_(geometry),1
Edge_(geometry),Altitude_(triangle),0
Geometry,Slope,0
Point_(geometry),Kite_(geometry),0
Arc_length,Tangent,0
Circle,Triangle,0
Pythagorean_theorem,Similarity_(geometry),0
Star_polygon,Point_(geometry),1
Right_triangle,Sine,0
Midpoint,Right_triangle,0
Plane_(geometry),Cartesian_coordinate_system,0
Diameter,Sphere,0
Angle,Inverse_trigonometric_functions,0
Rigid_transformation,Angle,1
Square,Angle,1
Geometry,Triangle,0
Quadrilateral,Hexagon,0
Line_(geometry),Geometry,1
Line_segment,Heptagon,0
Angle_bisector_theorem,Line_(geometry),1
Translation_(geometry),Coordinate_system,0
Angle,Star_polygon,0
Vertex_(geometry),Pythagorean_triple,0
Angle,Line_(geometry),1
Arc_(geometry),Plane_(geometry),0
Angle,Reflection_symmetry,0
Midpoint,Tangent,0
Vertex_(geometry),Sine,0
Angle,Rotation_(mathematics),0
Triangle_inequality,Pythagorean_theorem,0
Angle,Polygon,0
Square,Line_(geometry),1
Line_segment,Pythagorean_theorem,0
Quadrilateral,Parallelogram,0
Line_(geometry),Octagon,0
Polygon,Polyhedron,0
Polygon,Inverse_trigonometric_functions,0
Rhombus,Face_(geometry),0
Congruence_(geometry),Cartesian_coordinate_system,0
Face_(geometry),Rhombus,0
Pyramid_(geometry),Plane_(geometry),0
Polygon,Convex_polygon,0
Line_segment,Distance,0
Two-dimensional_space,Hendecagon,0
Bisection,Trapezoid,0
Point_(geometry),Parallelogram,0
Congruence_(geometry),Polygon,1
Square,Rectangle,1
Line_segment,Radius,0
Vertex_(geometry),Edge_(geometry),0
Angle,Polyhedron,0
Line_(geometry),Line_segment,0
Skew_lines,Parallel_(geometry),1
Line_segment,Line_(geometry),1
Parallelogram,Rhombus,0
Trapezoid,Parallelogram,0
Trigonometric_functions,Angle,1
Secant_line,Tangent,0
Right_angle,Perpendicular,0
Arc_(geometry),Perpendicular,0
Geometry,Congruence_(geometry),0
Pythagorean_theorem,Right_triangle,1
Rhombus,Rectangle,0
Congruence_(geometry),Edge_(geometry),1
Angle,Convex_polygon,0
Triangle,Perpendicular,0
Parallel_(geometry),Geometry,1
Rigid_transformation,Symmetry,1
Rectangle,Symmetry,0
Pentagon,Convex_polygon,0
Bisection,Point_(geometry),1
Geometry,Circle,0
Similarity_(geometry),Translation_(geometry),0
Coordinate_system,Arc_length,0
Square,Line_segment,1
Altitude_(triangle),Congruence_(geometry),0
Isosceles_triangle,Triangle,1
Special_right_triangles,Rectangle,0
Square,Polygon,1
Convex_polygon,Polygon,1
Point_(geometry),Inverse_trigonometric_functions,0
Right_angle,Line_(geometry),1
Grade_(slope),Sine,0
Angle,Vertex_(geometry),0
Bisection,Midpoint,1
Rotation_(mathematics),Geometry,1
Congruence_(geometry),Coordinate_system,0
Parallel_(geometry),Rhombus,0
Right_angle,Coordinate_system,0
Coordinate_system,Cartesian_coordinate_system,0
Edge_(geometry),Rhombus,0
Reflection_symmetry,Triangle,0
Equilateral_triangle,Vertex_(geometry),1
Pentagon,Dodecagon,0
Pythagorean_theorem,Vertex_(geometry),1
Kite_(geometry),Line_(geometry),1
Rhombus,Diagonal,0
Heptagon,Line_segment,1
Hexagon,Vertex_(geometry),1
Polygon,Parallelogram,0
Secant_line,Geometry,1
Pythagorean_theorem,Cone,0
Parallelogram,Congruence_(geometry),0
Rhombus,Quadrilateral,1
Polygon,Two-dimensional_space,0
Point_(geometry),Pyramid_(geometry),0
Right_triangle,Point_(geometry),1
Scaling_(geometry),Scale_factor,1
Rotational_symmetry,Quadrilateral,0
Isosceles_triangle,Edge_(geometry),1
Plane_(geometry),Two-dimensional_space,0
Perpendicular,Congruence_(geometry),0
Edge_(geometry),Pythagorean_theorem,0
Radius,Coordinate_system,0
Polyhedron,Edge_(geometry),1
Symmetry,Perpendicular,0
Geometry,Octagon,0
Angle,Sphere,0
Square,Geometry,1
Exterior_angle_theorem,Line_segment,1
Point_(geometry),Polygon,0
Similarity_(geometry),Angle,0
Edge_(geometry),Angle_bisector_theorem,0
Polyhedron,Tessellation,0
Pyramid_(geometry),Cone,0
Point_(geometry),Space_(mathematics),0
Pythagorean_theorem,Sphere,0
Rotational_symmetry,Midpoint,0
Circle,Cartesian_coordinate_system,0
Pythagorean_triple,Line_segment,1
Sine,Geometry,1
Tangent,Angle,1
Square,Hexagon,0
Line_(geometry),Inverse_trigonometric_functions,0
Point_(geometry),Square,0
Angle,Triangle_inequality,0
Line_segment,Translation_(geometry),0
Vertex_(geometry),Right_triangle,0
Geometry,Trigonometric_functions,0
Reflection_(mathematics),Rigid_transformation,0
Rectangle,Right_angle,1
Triangle_inequality,Internal_and_external_angle,0
Angle,Cone,0
Chord_(geometry),Point_(geometry),1
Reflection_(mathematics),Cartesian_coordinate_system,0
Point_(geometry),Line_segment,0
Line_segment,Trigonometric_functions,0
Triangle,Isosceles_triangle,0
Pythagorean_theorem,Edge_(geometry),1
Self-similarity,Symmetry,1
Altitude_(triangle),Triangle,1
Tangent,Cross_section_(geometry),0
Sine,Point_(geometry),1
Geometry,Hexagon,0
Square,Circumference,0
Convex_polygon,Edge_(geometry),1
Kite_(geometry),Point_(geometry),1
Face_(geometry),Polygon,0
Polygon,Symmetry,0
Rhombus,Internal_and_external_angle,0
Right_angle,Pythagorean_triple,0
Collinearity,Plane_(geometry),0
Point_(geometry),Exterior_angle_theorem,0
Perpendicular,Skew_lines,0
Reflection_(mathematics),Line_(geometry),1
Rectangle,Trapezoid,0
Square,Kite_(geometry),0
Polygon,Altitude_(triangle),0
Internal_and_external_angle,Vertex_(geometry),1
Diameter,Arc_length,0
Rotational_symmetry,Point_(geometry),1
Angle,Congruence_(geometry),0
Circle,Coordinate_system,0
Translation_(geometry),Scaling_(geometry),0
Vertex_(geometry),Quadrilateral,0
Angle,Angle_bisector_theorem,0
Line_(geometry),Cartesian_coordinate_system,0
Vertex_(geometry),Hendecagon,0
Reflection_(mathematics),Geometry,1
Right_angle,Cartesian_coordinate_system,0
Cartesian_coordinate_system,Geometry,1
Line_segment,Cone,0
Quadrilateral,Distance,0
Parallelogram,Right_triangle,0
Rhombus,Convex_polygon,0
Angle_bisector_theorem,Polygon,1
Isosceles_triangle,Acute_and_obtuse_triangles,0
Polygon,Star_polygon,0
Rigid_transformation,Reflection_(mathematics),1
Polyhedron,Pyramid_(geometry),0
Bisection,Angle_bisector_theorem,0
Cylinder_(geometry),Circle,1
Transversal_(geometry),Perpendicular,0
Polyhedron,Line_segment,1
Symmetry,Star_polygon,0
Arc_length,Arc_(geometry),1
Trigonometric_functions,Point_(geometry),1
Star_polygon,Edge_(geometry),1
Line_segment,Skew_lines,0
Diagonal,Isosceles_triangle,0
Congruence_(geometry),Space_(mathematics),0
Line_segment,Point_(geometry),1
Perpendicular,Line_segment,0
Line_(geometry),Triangle_inequality,0
Chord_(geometry),Line_(geometry),1
Kite_(geometry),Edge_(geometry),1
Parallelogram,Tangent,0
Polygon,Cross_section_(geometry),0
Altitude_(triangle),Polygon,1
Line_(geometry),Rotational_symmetry,0
Similarity_(geometry),Rhombus,0
Polygon,Pythagorean_triple,0
Edge_(geometry),Polygon,0
Diagonal,Square,0
Face_(geometry),Tessellation,0
Triangle_inequality,Triangle,1
Quadrilateral,Vertex_(geometry),1
Prism_(geometry),Square,0
Midpoint,Line_(geometry),1
Geometry,Plane_(geometry),0
Rectangle,Perpendicular,0
Slope,Tangent,0
Congruence_(geometry),Rhombus,0
Hendecagon,Geometry,1
Pentagon,Prism_(geometry),0
Edge_(geometry),Congruence_(geometry),0
Tangent,Hexagon,0
Circle,Tangent,0
Triangle,Coordinate_system,0
Pythagorean_theorem,Congruence_(geometry),0
Point_(geometry),Cartesian_coordinate_system,0
Self-similarity,Geometry,1
Right_triangle,Right_angle,1
Circle,Cylinder_(geometry),0
Octagon,Angle,1
Arc_(geometry),Geometry,1
Polyhedron,Symmetry,0
Point_(geometry),Rotation_(mathematics),0
Point_(geometry),Trapezoid,0
Geometry,Angle,0
Diameter,Parallelogram,0
Line_segment,Geometry,1
Tangent,Line_(geometry),1
Pythagorean_theorem,Distance,0
Parallelogram,Internal_and_external_angle,0
Internal_and_external_angle,Exterior_angle_theorem,0
Slope,Secant_line,0
Internal_and_external_angle,Line_(geometry),1
Circle,Angle_bisector_theorem,0
Angle,Bisection,0
Vertex_(geometry),Face_(geometry),0
Slope,Geometry,1
Angle,Cartesian_coordinate_system,0
Midpoint,Chord_(geometry),0
Polygon,Prism_(geometry),0
Prism_(geometry),Geometry,1
Radius,Angle,0
Triangle_inequality,Vertex_(geometry),1
Right_triangle,Arc_length,0
Pentagon,Line_(geometry),1
Exterior_angle_theorem,Internal_and_external_angle,1
Acute_and_obtuse_triangles,Hexagon,0
Triangle,Right_triangle,0
Hexagon,Line_segment,1
Congruence_(geometry),Point_(geometry),1
Trigonometric_functions,Cartesian_coordinate_system,0
Right_angle,Square,0
Altitude_(triangle),Vertex_(geometry),1
Similarity_(geometry),Altitude_(triangle),0
Translation_(geometry),Cartesian_coordinate_system,0
Right_triangle,Acute_and_obtuse_triangles,0
Line_(geometry),Congruence_(geometry),0
Geometry,Cone,0
Altitude_(triangle),Isosceles_triangle,0
Triangle,Inverse_trigonometric_functions,0
Rotation_(mathematics),Sphere,0
Nonagon,Line_(geometry),1
Quadrilateral,Polygon,1
Pythagorean_theorem,Sine,0
Edge_(geometry),Triangle_inequality,0
Equilateral_triangle,Line_segment,1
Pythagorean_theorem,Line_(geometry),1
Point_(geometry),Reflection_(mathematics),0
Circumference,Radius,0
Rotational_symmetry,Tessellation,0
Hendecagon,Edge_(geometry),1
Perpendicular,Distance,0
Rectangle,Rotational_symmetry,0
Polyhedron,Cartesian_coordinate_system,0
Point_(geometry),Dodecagon,0
Line_(geometry),Isosceles_triangle,0
Triangle,Polygon,1
Triangle_inequality,Sphere,0
Diagonal,Convex_polygon,0
Space_(mathematics),Cartesian_coordinate_system,0
Line_(geometry),Rigid_transformation,0
Geometry,Sphere,0
Reflection_(mathematics),Angle,1
Point_(geometry),Pentagon,0
Point_(geometry),Collinearity,0
Line_(geometry),Chord_(geometry),0
Isosceles_triangle,Angle,1
Diameter,Tangent,0
Equilateral_triangle,Bisection,0
Edge_(geometry),Triangle,0
Right_triangle,Line_(geometry),1
Parallel_(geometry),Transversal_(geometry),0
Triangle_inequality,Circle,0
Rotational_symmetry,Geometry,1
Vertex_(geometry),Congruence_(geometry),0
Angle,Decagon,0
Circumference,Arc_length,0
Prism_(geometry),Edge_(geometry),1
Square,Parallelogram,1
Internal_and_external_angle,Point_(geometry),1
Line_(geometry),Heptagon,0
Vertex_(geometry),Skew_lines,0
Two-dimensional_space,Octagon,0
Reflection_symmetry,Angle,1
Plane_(geometry),Transversal_(geometry),0
Right_angle,Special_right_triangles,0
Geometry,Diagonal,0
Rhombus,Circumference,0
Parallelogram,Slope,0
Symmetry,Similarity_(geometry),0
Angle,Triangle,0
Angle,Trapezoid,0
Equilateral_triangle,Altitude_(triangle),0
Pythagorean_theorem,Polygon,1
Parallelogram,Kite_(geometry),0
Geometry,Pythagorean_triple,0
Trigonometric_functions,Vertex_(geometry),1
Midpoint,Diagonal,0
Line_segment,Edge_(geometry),0
Rectangle,Two-dimensional_space,0
Parallel_(geometry),Parallelogram,0
Angle,Geometry,1
Vertex_(geometry),Triangle,0
Arc_(geometry),Tangent,0
Slope,Distance,0
Geometry,Polygon,0
Point_(geometry),Parallel_(geometry),0
Distance,Altitude_(triangle),0
Polyhedron,Trapezoid,0
Quadrilateral,Angle,1
Hexagon,Edge_(geometry),1
Rectangle,Line_segment,1
Circumference,Sphere,0
Similarity_(geometry),Sine,0
Circumference,Rhombus,0
Geometry,Secant_line,0
Angle,Rectangle,0
Arc_length,Geometry,1
Line_segment,Angle_bisector_theorem,0
Angle,Skew_lines,0
Bisection,Acute_and_obtuse_triangles,0
Prism_(geometry),Perpendicular,0
Congruence_(geometry),Similarity_(geometry),0
Line_(geometry),Pentagon,0
Right_triangle,Vertex_(geometry),1
Exterior_angle_theorem,Vertex_(geometry),1
Congruence_(geometry),Translation_(geometry),0
Star_polygon,Geometry,1
Perpendicular,Altitude_(triangle),0
Angle,Tessellation,0
Vertex_(geometry),Pentagon,0
Triangle,Angle,1
Circle,Circumference,0
Parallel_(geometry),Plane_(geometry),0
Bisection,Rhombus,0
Convex_polygon,Rhombus,0
Angle,Heptagon,0
Line_(geometry),Exterior_angle_theorem,0
Tangent,Cone,0
Radius,Point_(geometry),1
Square,Point_(geometry),1
Diagonal,Geometry,1
Rotation_(mathematics),Reflection_symmetry,0
Pentagon,Circle,0
Rotation_(mathematics),Line_(geometry),1
Isosceles_triangle,Polygon,1
Tangent,Acute_and_obtuse_triangles,0
Line_(geometry),Reflection_(mathematics),0
Collinearity,Geometry,1
Geometry,Cartesian_coordinate_system,0
Similarity_(geometry),Equilateral_triangle,0
Triangle,Distance,0
Star_polygon,Octagon,0
Polygon,Dodecagon,0
Concentric,Circle,0
Equilateral_triangle,Triangle,1
Polygon,Vertex_(geometry),1
Rhombus,Midpoint,0
Polygon,Internal_and_external_angle,0
Sine,Polygon,1
Triangle,Sine,0
Angle,Exterior_angle_theorem,0
Nonagon,Geometry,1
Cylinder_(geometry),Diameter,0
Internal_and_external_angle,Star_polygon,0
Dodecagon,Vertex_(geometry),1
Perpendicular,Cross_section_(geometry),0
Pentagon,Internal_and_external_angle,0
Skew_lines,Point_(geometry),1
Pythagorean_theorem,Acute_and_obtuse_triangles,0
Altitude_(triangle),Circle,0
Symmetry,Scaling_(geometry),0
Slope,Point_(geometry),1
Plane_(geometry),Sphere,0
Inverse_trigonometric_functions,Edge_(geometry),1
Rotation_(mathematics),Plane_(geometry),0
Right_triangle,Line_segment,1
Polyhedron,Face_(geometry),1
Line_segment,Isosceles_triangle,0
Geometry,Line_segment,0
Parallelogram,Line_(geometry),1
Radius,Cone,0
Star_polygon,Decagon,0
Arc_length,Radius,0
Pentagon,Geometry,1
Exterior_angle_theorem,Circle,0
Point_(geometry),Rhombus,0
Circumference,Geometry,1
Angle,Altitude_(triangle),0
Rigid_transformation,Translation_(geometry),1
Point_(geometry),Altitude_(triangle),0
Point_(geometry),Plane_(geometry),0
Star_polygon,Tessellation,0
Angle,Hexagon,0
Geometry,Parallel_(geometry),0
Tessellation,Sphere,0
Edge_(geometry),Tessellation,0
Isosceles_triangle,Rhombus,0
Perpendicular,Kite_(geometry),0
Trigonometric_functions,Geometry,1
Symmetry,Reflection_symmetry,0
Similarity_(geometry),Distance,0
Pythagorean_theorem,Angle,1
Line_(geometry),Triangle,0
Reflection_symmetry,Distance,0
Diagonal,Polygon,1
Rectangle,Similarity_(geometry),0
Line_segment,Special_right_triangles,0
Geometry,Translation_(geometry),0
Angle,Octagon,0
Square,Two-dimensional_space,0
Circle,Perpendicular,0
Triangle,Diameter,0
Symmetry,Self-similarity,0
Quadrilateral,Line_segment,1
Line_(geometry),Rotation_(mathematics),0
Triangle,Congruence_(geometry),0
Equilateral_triangle,Pythagorean_theorem,0
Midpoint,Bisection,0
Triangle,Angle_bisector_theorem,0
Point_(geometry),Skew_lines,0
Prism_(geometry),Rectangle,0
Translation_(geometry),Symmetry,1
Polygon,Line_(geometry),1
Line_(geometry),Parallel_(geometry),0
Internal_and_external_angle,Angle,1
Special_right_triangles,Point_(geometry),1
Dodecagon,Two-dimensional_space,0
Pyramid_(geometry),Isosceles_triangle,0
Pentagon,Line_segment,1
Altitude_(triangle),Acute_and_obtuse_triangles,0
Parallelogram,Polygon,1
Pentagon,Quadrilateral,0
Congruence_(geometry),Face_(geometry),0
Kite_(geometry),Polygon,1
Triangle,Tangent,0
Line_segment,Decagon,0
Coordinate_system,Sine,0
Angle,Prism_(geometry),0
Reflection_symmetry,Circle,0
Arc_(geometry),Arc_length,0
Perpendicular,Pyramid_(geometry),0
Tangent,Line_segment,1
Arc_(geometry),Circle,1
Right_triangle,Angle,1
Transversal_(geometry),Point_(geometry),1
Line_segment,Tangent,0
Pyramid_(geometry),Rhombus,0
Prism_(geometry),Angle,1
Rectangle,Parallel_(geometry),1
Line_(geometry),Polygon,0
Quadrilateral,Geometry,1
Quadrilateral,Point_(geometry),1
Line_(geometry),Pythagorean_theorem,0
Plane_(geometry),Line_(geometry),0
Grade_(slope),Line_(geometry),1
Rotational_symmetry,Symmetry,1
Edge_(geometry),Exterior_angle_theorem,0
Line_(geometry),Dodecagon,0
Point_(geometry),Edge_(geometry),0
Pythagorean_theorem,Right_angle,1
Octagon,Geometry,1
Equilateral_triangle,Tessellation,0
Square,Bisection,0
Coordinate_system,Two-dimensional_space,1
Equilateral_triangle,Pyramid_(geometry),0
Rectangle,Circle,0
Plane_(geometry),Cross_section_(geometry),0
Square,Vertex_(geometry),1
Triangle,Bisection,0
Triangle,Cartesian_coordinate_system,0
Line_(geometry),Altitude_(triangle),0
Polygon,Pythagorean_theorem,0
Line_segment,Diameter,0
Altitude_(triangle),Trigonometric_functions,0
Parallelogram,Diagonal,0
Point_(geometry),Right_triangle,0
Dodecagon,Edge_(geometry),1
Angle,Right_triangle,0
Pentagon,Hexagon,0
Face_(geometry),Line_segment,0
Parallel_(geometry),Congruence_(geometry),0
Polygon,Diagonal,0
Inverse_trigonometric_functions,Right_triangle,0
Midpoint,Triangle,0
Sine,Angle,1
Tangent,Geometry,1
Geometry,Pyramid_(geometry),0
Cartesian_coordinate_system,Coordinate_system,1
Geometry,Rotation_(mathematics),0
Face_(geometry),Prism_(geometry),0
Geometry,Face_(geometry),0
Prism_(geometry),Vertex_(geometry),1
Congruence_(geometry),Angle,1
Parallelogram,Edge_(geometry),1
Line_(geometry),Nonagon,0
Polygon,Triangle,0
Convex_polygon,Diameter,0
Trigonometric_functions,Polygon,1
Square,Tessellation,0
Pentagon,Special_right_triangles,0
Pentagon,Two-dimensional_space,0
Heptagon,Vertex_(geometry),1
Rotational_symmetry,Angle,1
Pyramid_(geometry),Line_segment,1
Similarity_(geometry),Trapezoid,0
Reflection_(mathematics),Two-dimensional_space,0
Right_angle,Pythagorean_theorem,0
Line_(geometry),Edge_(geometry),0
Circle,Rotational_symmetry,0
Quadrilateral,Circle,0
Cylinder_(geometry),Distance,0
Line_segment,Nonagon,0
Line_(geometry),Sine,0
Geometry,Grade_(slope),0
Congruence_(geometry),Circle,0
Inverse_trigonometric_functions,Trigonometric_functions,1
Trigonometric_functions,Edge_(geometry),1
Point_(geometry),Slope,0
Circle,Arc_(geometry),0
Internal_and_external_angle,Transversal_(geometry),0
Chord_(geometry),Geometry,1
Angle_bisector_theorem,Altitude_(triangle),0
Vertex_(geometry),Kite_(geometry),0
Circle,Pythagorean_theorem,0
Coordinate_system,Point_(geometry),1
Line_segment,Hendecagon,0
Decagon,Geometry,1
Geometry,Diameter,0
Polygon,Equilateral_triangle,0
Edge_(geometry),Line_segment,1
Point_(geometry),Triangle_inequality,0
Rigid_transformation,Rotation_(mathematics),1
Square,Quadrilateral,1
Triangle_inequality,Cone,0
Trapezoid,Angle,1
Geometry,Angle_bisector_theorem,0
Edge_(geometry),Polyhedron,0
Heptagon,Angle,1
Rectangle,Parallelogram,1
Similarity_(geometry),Scale_factor,0
Radius,Circle,1
Rigid_transformation,Geometry,1
Quadrilateral,Diagonal,0
Slope,Grade_(slope),0
Cone,Polygon,0
Coordinate_system,Sphere,0
Rectangle,Angle,1
Pythagorean_theorem,Convex_polygon,0
Pythagorean_theorem,Triangle,1
Sphere,Geometry,1
Geometry,Vertex_(geometry),0
Angle,Nonagon,0
Edge_(geometry),Quadrilateral,0
Angle,Dodecagon,0
Collinearity,Hexagon,0
Geometry,Acute_and_obtuse_triangles,0
Rhombus,Parallel_(geometry),1
Geometry,Transversal_(geometry),0
Pythagorean_triple,Triangle,1
Geometry,Arc_length,0
Polygon,Sphere,0
Hendecagon,Angle,1
Equilateral_triangle,Right_triangle,0
Secant_line,Point_(geometry),1
Line_segment,Angle,0
Prism_(geometry),Cross_section_(geometry),0
Geometry,Coordinate_system,0
Polygon,Rotational_symmetry,0
Triangle,Rectangle,0
Transversal_(geometry),Angle,1
Inverse_trigonometric_functions,Line_(geometry),1
Bisection,Collinearity,0
Prism_(geometry),Point_(geometry),1
Parallelogram,Distance,0
Circumference,Trapezoid,0
Arc_(geometry),Angle,0
Symmetry,Altitude_(triangle),0
Line_(geometry),Grade_(slope),0
Right_triangle,Distance,0
Altitude_(triangle),Right_triangle,0
Bisection,Internal_and_external_angle,0
Quadrilateral,Tangent,0
Polygon,Geometry,1
Circumference,Circle,1
Rectangle,Midpoint,0
Isosceles_triangle,Kite_(geometry),0
Point_(geometry),Triangle,0
Inverse_trigonometric_functions,Polygon,1
Face_(geometry),Polyhedron,0
Polygon,Heptagon,0
Bisection,Convex_polygon,0
Star_polygon,Hexagon,0
Congruence_(geometry),Sine,0
Geometry,Cross_section_(geometry),0
Right_triangle,Kite_(geometry),0
Diagonal,Vertex_(geometry),1
Geometry,Right_triangle,0
Midpoint,Polygon,0
Diagonal,Line_segment,1
Rectangle,Tessellation,0
Trigonometric_functions,Triangle,1
Edge_(geometry),Dodecagon,0
Diameter,Midpoint,0
Triangle,Line_(geometry),1
Triangle,Exterior_angle_theorem,0
Sine,Triangle,1
Point_(geometry),Internal_and_external_angle,0
Perpendicular,Bisection,0
Trigonometric_functions,Radius,0
Prism_(geometry),Cylinder_(geometry),0
Line_(geometry),Point_(geometry),1
Quadrilateral,Trapezoid,0
Rotational_symmetry,Rotation_(mathematics),1
Convex_polygon,Vertex_(geometry),1
Reflection_(mathematics),Perpendicular,0
Point_(geometry),Perpendicular,0
Vertex_(geometry),Acute_and_obtuse_triangles,0
Cylinder_(geometry),Sphere,0
Acute_and_obtuse_triangles,Angle,1
Geometry,Altitude_(triangle),0
Edge_(geometry),Geometry,1
Point_(geometry),Heptagon,0
Vertex_(geometry),Dodecagon,0
Line_(geometry),Slope,0
Trapezoid,Point_(geometry),1
Pentagon,Star_polygon,0
Parallelogram,Geometry,1
Angle_bisector_theorem,Angle,1
Kite_(geometry),Geometry,1
Polygon,Decagon,0
Scaling_(geometry),Similarity_(geometry),0
Triangle,Midpoint,0
Cartesian_coordinate_system,Plane_(geometry),1
Quadrilateral,Bisection,0
Angle,Grade_(slope),0
Point_(geometry),Grade_(slope),0
Right_triangle,Square,0
Circle,Arc_length,0
Skew_lines,Plane_(geometry),1
Triangle_inequality,Polygon,1
Hexagon,Polygon,1
Prism_(geometry),Face_(geometry),1
Line_(geometry),Transversal_(geometry),0
Point_(geometry),Pythagorean_theorem,0
Edge_(geometry),Pyramid_(geometry),0
Line_segment,Star_polygon,0
Symmetry,Rotation_(mathematics),0
Angle,Rhombus,0
Cylinder_(geometry),Cone,0
Pythagorean_triple,Edge_(geometry),1
Geometry,Internal_and_external_angle,0
Midpoint,Geometry,1
Convex_polygon,Tessellation,0
Midpoint,Vertex_(geometry),0
Bisection,Circle,0
Geometry,Circumference,0
Rectangle,Geometry,1
Polygon,Special_right_triangles,0
Two-dimensional_space,Hexagon,0
Angle,Diameter,0
Geometry,Collinearity,0
Diagonal,Line_(geometry),1
Acute_and_obtuse_triangles,Equilateral_triangle,0
Midpoint,Distance,0
Line_(geometry),Perpendicular,0
Geometry,Reflection_symmetry,0
Point_(geometry),Right_angle,0
Perpendicular,Diagonal,0
Midpoint,Circle,0
Tessellation,Symmetry,0
Tangent,Grade_(slope),0
Parallelogram,Triangle,0
Line_(geometry),Hendecagon,0
Face_(geometry),Geometry,1
Rotation_(mathematics),Translation_(geometry),0
Special_right_triangles,Edge_(geometry),1
Convex_polygon,Isosceles_triangle,0
Octagon,Vertex_(geometry),1
Line_segment,Chord_(geometry),0
Triangle,Vertex_(geometry),1
Equilateral_triangle,Reflection_symmetry,0
Equilateral_triangle,Hexagon,0
Geometry,Nonagon,0
Special_right_triangles,Angle,1
Triangle,Quadrilateral,0
Parallel_(geometry),Sphere,0
Polygon,Trigonometric_functions,0
Line_segment,Sine,0
Angle,Kite_(geometry),0
Arc_length,Angle,0
Two-dimensional_space,Cartesian_coordinate_system,0
Perpendicular,Acute_and_obtuse_triangles,0
Altitude_(triangle),Line_segment,1
Rectangle,Convex_polygon,0
Edge_(geometry),Prism_(geometry),0
Equilateral_triangle,Edge_(geometry),1
Vertex_(geometry),Octagon,0
Slope,Sine,0
Square,Distance,0
Distance,Parallel_(geometry),0
Reflection_(mathematics),Distance,0
Pythagorean_triple,Point_(geometry),1
Polygon,Triangle_inequality,0
Collinearity,Circle,0
Special_right_triangles,Polygon,1
Rhombus,Point_(geometry),1
Cylinder_(geometry),Cross_section_(geometry),0
Geometry,Polyhedron,0
Hendecagon,Point_(geometry),1
Nonagon,Edge_(geometry),1
Convex_polygon,Line_segment,1
Grade_(slope),Slope,1
Rotation_(mathematics),Circle,0
Diagonal,Rectangle,0
Quadrilateral,Kite_(geometry),0
Altitude_(triangle),Perpendicular,1
Circumference,Pythagorean_theorem,0
Geometry,Chord_(geometry),0
Octagon,Rotational_symmetry,0
Geometry,Convex_polygon,0
Scale_factor,Distance,0
Internal_and_external_angle,Convex_polygon,0
Chord_(geometry),Line_segment,1
Altitude_(triangle),Angle,1
Chord_(geometry),Circle,1
Symmetry,Reflection_(mathematics),0
Skew_lines,Geometry,1
Diameter,Circle,1
Right_triangle,Pythagorean_theorem,0
Symmetry,Bisection,0
Tessellation,Geometry,1
Line_(geometry),Star_polygon,0
Right_triangle,Rectangle,0
Geometry,Heptagon,0
Angle,Pyramid_(geometry),0
Heptagon,Line_(geometry),1
Midpoint,Acute_and_obtuse_triangles,0
Arc_(geometry),Bisection,0
Slope,Angle,0
Cone,Circle,1
Kite_(geometry),Line_segment,1
Rectangle,Reflection_symmetry,0
Angle_bisector_theorem,Vertex_(geometry),1
Chord_(geometry),Arc_length,0
Parallel_(geometry),Rectangle,0
Dodecagon,Star_polygon,0
Octagon,Polygon,1
Perpendicular,Plane_(geometry),0
Special_right_triangles,Midpoint,0
Midpoint,Convex_polygon,0
Line_segment,Parallelogram,0
Polygon,Angle_bisector_theorem,0
Midpoint,Perpendicular,0
Reflection_(mathematics),Rotation_(mathematics),1
Isosceles_triangle,Point_(geometry),1
Geometry,Exterior_angle_theorem,0
Triangle,Special_right_triangles,0
Exterior_angle_theorem,Polygon,1
Bisection,Kite_(geometry),0
Line_(geometry),Acute_and_obtuse_triangles,0
Perpendicular,Right_triangle,0
Diagonal,Rhombus,0
Line_segment,Square,0
Point_(geometry),Prism_(geometry),0
Pythagorean_theorem,Geometry,1
Isosceles_triangle,Line_(geometry),1
Vertex_(geometry),Sphere,0
Parallelogram,Point_(geometry),1
Arc_length,Polygon,0
Trapezoid,Triangle,0
Sine,Vertex_(geometry),1
Polygon,Congruence_(geometry),0
Line_segment,Diagonal,0
Pyramid_(geometry),Point_(geometry),1
Edge_(geometry),Parallelogram,0
Angle,Pentagon,0
Pyramid_(geometry),Polygon,1
Midpoint,Symmetry,0
Line_segment,Acute_and_obtuse_triangles,0
Point_(geometry),Trigonometric_functions,0
Perpendicular,Point_(geometry),1
Right_triangle,Bisection,0
Perpendicular,Geometry,1
Reflection_(mathematics),Reflection_symmetry,0
Special_right_triangles,Trigonometric_functions,0
Radius,Perpendicular,0
Rhombus,Polyhedron,0
Angle_bisector_theorem,Bisection,1
Line_segment,Triangle_inequality,0
Polyhedron,Star_polygon,0
Parallelogram,Square,0
Altitude_(triangle),Edge_(geometry),1
Right_triangle,Edge_(geometry),1
Geometry,Distance,0
Cylinder_(geometry),Geometry,1
Line_segment,Midpoint,0
Acute_and_obtuse_triangles,Line_(geometry),1
Triangle,Rhombus,0
Line_segment,Arc_length,0
Triangle,Internal_and_external_angle,0
Angle_bisector_theorem,Internal_and_external_angle,0
Star_polygon,Polygon,1
Decagon,Vertex_(geometry),1
Two-dimensional_space,Equilateral_triangle,0
Internal_and_external_angle,Geometry,1
Inverse_trigonometric_functions,Sine,1
Inverse_trigonometric_functions,Vertex_(geometry),1
Square,Convex_polygon,0
Exterior_angle_theorem,Line_(geometry),1
Right_triangle,Special_right_triangles,0
Transversal_(geometry),Geometry,1
Kite_(geometry),Rectangle,0
Trapezoid,Diagonal,0
Equilateral_triangle,Point_(geometry),1
Polygon,Tangent,0
Vertex_(geometry),Tangent,0
Triangle,Line_segment,1
Parallelogram,Midpoint,0
Symmetry,Circle,0
Coordinate_system,Radius,0
Vertex_(geometry),Rhombus,0
Translation_(geometry),Geometry,1
Arc_length,Sphere,0
Convex_polygon,Line_(geometry),1
Inverse_trigonometric_functions,Circle,0
Vertex_(geometry),Convex_polygon,0
Polygon,Sine,0
Line_segment,Circle,0
Geometry,Skew_lines,0
Hexagon,Line_(geometry),1
Collinearity,Line_(geometry),1
Nonagon,Polygon,1
Bisection,Geometry,1
Polyhedron,Sphere,0
Angle,Parallelogram,0
Pyramid_(geometry),Vertex_(geometry),1
Triangle_inequality,Point_(geometry),1
Rhombus,Angle,1
Hexagon,Point_(geometry),1
Rotational_symmetry,Distance,0
Edge_(geometry),Equilateral_triangle,0
Special_right_triangles,Geometry,1
Slope,Trigonometric_functions,0
Trigonometric_functions,Secant_line,0
Vertex_(geometry),Polyhedron,0
Altitude_(triangle),Distance,1
Geometry,Isosceles_triangle,0
Square,Rhombus,0
Parallelogram,Quadrilateral,1
Tangent,Vertex_(geometry),1
Edge_(geometry),Pentagon,0
Triangle,Parallelogram,0
Reflection_symmetry,Rotation_(mathematics),1
Angle,Rotational_symmetry,0
Diameter,Circumference,0
Angle,Point_(geometry),1
Square,Rotational_symmetry,0
Sine,Inverse_trigonometric_functions,0
Diameter,Pythagorean_theorem,0
Line_(geometry),Bisection,0
Polygon,Acute_and_obtuse_triangles,0
Parallelogram,Vertex_(geometry),1
Polygon,Edge_(geometry),1
Parallel_(geometry),Prism_(geometry),0
Bisection,Angle,1
Similarity_(geometry),Geometry,1
Edge_(geometry),Nonagon,0
